{
  "weight": [
    3.141590118408203
  ],
  "bias": [
    2.718280076980591
  ],
  "weightShape": [
    1,
    1
  ],
  "biasShape": [
    1
  ]
}